<?xml version="1.0" encoding="UTF-8" standalone="no"?>
<Entities>
    <ExtensionPackages>
        <ExtensionPackage dependsOn="" description="" minimumThingWorxVersion="8.5.0" name="dhtmlxgantt" packageVersion="1.0.0" vendor="SJ.LEE"> 
        </ExtensionPackage>
    </ExtensionPackages>
    <Widgets>
        <Widget name="dhtmlxgantt">
            <UIResources>
                <FileResource description="" file="dhtmlxgantt.ide.js" isDevelopment="true" isRuntime="false" type="JS"/>
                <FileResource description="" file="dhtmlxgantt.dialog.js" isDevelopment="true" isRuntime="false" type="JS"/>
                <FileResource description="" file="dhtmlxgantt.ide.css" isDevelopment="true" isRuntime="false" type="CSS"/>
                <FileResource description="" file="dhtmlxgantt.runtime.js" isDevelopment="false" isRuntime="true" type="JS"/>
                <FileResource description="" file="dhtmlxgantt.runtime.css" isDevelopment="false" isRuntime="true" type="CSS"/>
                <FileResource description="" file="lib/dhtmlxgantt/js/dhtmlxgantt.js" isDevelopment="true" isRuntime="true" type="JS"/>
                <FileResource description="" file="lib/dhtmlxgantt/css/dhtmlxgantt.css" isDevelopment="true" isRuntime="true" type="CSS"/>
            </UIResources>
        </Widget>
    </Widgets>
</Entities>
